group,age_months,age_from_3mo,predicted_resting_hr
REF,3,0,136.83642028355956
REF,6,3,133.5043795655116
REF,9,6,130.1723388474637
REF,12,9,126.84029812941576
REF,18,15,120.17621669331987
REF,24,21,113.512135257224
COMPARISON,3,0,141.01576759151635
COMPARISON,6,3,137.98237360933243
COMPARISON,9,6,134.94897962714853
COMPARISON,12,9,131.91558564496464
COMPARISON,18,15,125.84879768059682
COMPARISON,24,21,119.782009716229
