,held,supine,prone,sitting
held,1.0,0.0,0.0,0.0
supine,0.0,0.8181818181818182,0.18181818181818182,0.0
prone,0.0,0.125,0.875,0.0
sitting,0.0,0.0,0.0,1.0
