,held,supine,prone,sitting
held,0.9436619718309859,0.0,0.0,0.056338028169014086
supine,0.0,0.9103448275862069,0.0896551724137931,0.0
prone,0.0,0.07407407407407407,0.9259259259259259,0.0
sitting,0.0,0.0,0.0,1.0
