validation_scheme,mean_balanced_accuracy,sd_balanced_accuracy
infant_blocked_cv,0.6768444277895228,0.05111283918650407
row_shuffled_cv,0.724007461917896,0.013941883516403492
