term,Coef.,Std.Err.,t,P>|t|,[0.025,0.975],model
Intercept,0.0928786902798649,0.023281789280979816,3.989327845851721,6.87073149907084e-05,0.047218895593520764,0.13853848496620902,context_omitted
social_exposure,0.4746386608556101,0.014107641508318253,33.64408293021552,4.331509803088845e-196,0.4469710272813899,0.5023062944298303,context_omitted
mean_luminance,-0.0705431533216377,0.0432529800248533,-1.6309431923789615,0.10306370905929367,-0.15537006089616717,0.014283754252891759,context_omitted
Intercept,0.20228434493265046,0.01769443568499402,11.432087947523533,2.429972810851585e-29,0.16758234896886195,0.23698634089643897,context_included
social_exposure,0.2034739883597602,0.012672475411753824,16.056372709236935,1.3905321534156335e-54,0.17862096685521828,0.2283270098643021,context_included
mean_luminance,-0.08869314168945293,0.032458741119697106,-2.732488649586931,0.006342495597481323,-0.1523506170324291,-0.025035666346476748,context_included
context_bump,0.18589367125036071,0.004775777872417406,38.92427081334605,9.936327764253257e-246,0.17652750510621362,0.1952598373945078,context_included
